Datos de vuelo su origen es: John F. Kennedy, el destino: Ministro Pistarini, cantidad de km: 8535.74, cantidad disponible: 76, aerolinea: United Airlines
Datos de vuelo su origen es: John F. Kennedy, el destino: Ministro Pistarini, cantidad de km: 8535.74, cantidad disponible: 210, aerolinea: LATAM
Datos de vuelo su origen es: John F. Kennedy, el destino: Ministro Pistarini, cantidad de km: 8535.74, cantidad disponible: 276, aerolinea: Aerolineas
Datos de vuelo su origen es: John F. Kennedy, el destino: Ministro Pistarini, cantidad de km: 8535.74, cantidad disponible: 250, aerolinea: Avianca
Datos de vuelo su origen es: John F. Kennedy, el destino: Jorge Newbery, cantidad de km: 8516.0, cantidad disponible: 96, aerolinea: United Airlines
Datos de vuelo su origen es: John F. Kennedy, el destino: Jorge Newbery, cantidad de km: 8516.0, cantidad disponible: 152, aerolinea: Delta
Datos de vuelo su origen es: John F. Kennedy, el destino: Jorge Newbery, cantidad de km: 8516.0, cantidad disponible: 210, aerolinea: LATAM
Datos de vuelo su origen es: John F. Kennedy, el destino: Jorge Newbery, cantidad de km: 8516.0, cantidad disponible: 276, aerolinea: Aerolineas
Datos de vuelo su origen es: John F. Kennedy, el destino: Armando Tola, cantidad de km: 10137.15, cantidad disponible: 146, aerolinea: United Airlines
Datos de vuelo su origen es: Logan, el destino: Armando Tola, cantidad de km: 10319.77, cantidad disponible: 146, aerolinea: United Airlines
